<?xml version="1.0"  encoding="UTF-8"?>
<!--  
Manifest template to demonstrate the proper XML namespace declarations for
SCORM 1.2 manifests. 

Provided by Rustici Software - www.scorm.com.
 -->
<manifest xmlns="http://www.imsproject.org/xsd/imscp_rootv1p1p2" xmlns:adlcp="http://www.adlnet.org/xsd/adlcp_rootv1p2" xmlns:xsi="http://www.w3.org/2001/XMLSchema-instance" identifier="com.scorm.manifesttemplates.scorm12" version="1" xsi:schemaLocation="http://www.imsproject.org/xsd/imscp_rootv1p1p2 imscp_rootv1p1p2.xsd http://www.imsglobal.org/xsd/imsmd_rootv1p2p1 imsmd_rootv1p2p1.xsd http://www.adlnet.org/xsd/adlcp_rootv1p2 adlcp_rootv1p2.xsd">
<metadata>
<schema>ADL SCORM</schema>
<schemaversion>1.2</schemaversion>
</metadata>
<organizations default="B0">
<organization identifier="B0">
 <title>Scorm app 1.2</title>

      <item identifier="i1" identifierref="r1">
        <title>Item 1</title>
      </item>
      <item identifier="i2" identifierref="r2">
        <title>Item 2</title>
      </item>
</organization>
</organizations>
<resources>
<resource identifier="r1" type="webcontent" adlcp:scormtype="sco" href="./items/i1.html">
<file href="items/i1.html"/>
<file href="_next/static/chunks/webpack-04c090bf27c652c8.js"/>
<file href="_next/static/chunks/fd9d1056-62aaf4b921c84028.js"/>
<file href="_next/static/chunks/23-f76d2b6c4e86dee7.js"/>
<file href="_next/static/chunks/main-app-246cb2ead2fe5ad5.js"/>
<file href="_next/static/css/c2afdedd936a9944.css"/>
<file href="_next/static/media/a34f9d1faa5f3315-s.p.woff2"/>
<file href="_next/static/chunks/app/items/i1/page-9a0890531c0ff725.js"/>

</resource>
 <resource identifier="r2" type="webcontent" adlcp:scormtype="sco" href="./items/i2.html">
      <file href="items/i2.html"/>
      <file href="_next/static/chunks/webpack-04c090bf27c652c8.js"/>
<file href="_next/static/chunks/fd9d1056-62aaf4b921c84028.js"/>
<file href="_next/static/chunks/23-f76d2b6c4e86dee7.js"/>
<file href="_next/static/chunks/main-app-246cb2ead2fe5ad5.js"/>
<file href="_next/static/css/c2afdedd936a9944.css"/>
<file href="_next/static/media/a34f9d1faa5f3315-s.p.woff2"/>
<file href="_next/static/chunks/app/items/i2/page-9a0890531c0ff725.js"/>
</resource>
</resources>
</manifest>
